day,sentiment_mean,sentiment_std,subjectivity_mean,subjectivity_std,counting
2025-11-11,-0.5551501403279538,1.0,-0.7294448943793159,1.0,1.0
2025-11-17,-1.0427410052173867,1.0,0.07376437429805786,1.0,1.0
2025-11-18,-0.24431145864749418,1.0,0.21703600486009642,1.0,1.0
2025-11-19,-0.7899420743274382,1.0,0.9198922226795575,1.0,1.0
2025-11-20,1.515303887261716,0.9446274640067113,0.9281471262643254,0.5913380266655991,3.0
2025-11-21,1.274747859036351,0.36574813735539546,-0.45498171835182843,0.08232325671032314,2.0
2025-11-22,0.13847859666333232,0.6963267834199074,-0.134703920429531,0.2661052320185379,3.0
2025-11-23,-0.05400000191939622,1.0,0.8156655485075568,1.0,1.0
2025-11-24,-0.07347397720528942,0.44113808983467045,-0.23460804124089193,1.2824893154272108,8.0
2025-11-25,0.4191932538380739,1.2070501883462286,0.18383198384432065,1.269818869975465,6.0
2025-11-26,-0.40290128709405454,0.6855865702785232,-1.1083151063115337,1.457106782964233,3.0
2025-11-27,-0.05577085413492995,0.635498195998177,-0.5236558698795079,0.7437582198879893,4.0
2025-11-29,1.3428108905915555,0.03690419636334123,0.3085818844878464,0.7534981204901775,2.0
2025-11-30,-0.5668841941304251,1.0,0.21333185444346006,1.0,1.0
2025-12-01,0.7568655748122884,1.7818526998317652,0.1850702325816421,1.0641539614606523,3.0
2025-12-02,0.005363876604268003,1.296963487302114,0.5029433874542069,1.7804800054439882,5.0
2025-12-03,-0.08049034863563438,0.7746017869399605,-0.4744146295021123,0.6151298729284377,12.0
2025-12-04,-0.2701567679601104,0.7543277484790729,0.6796701419300909,0.932445741886833,3.0
2025-12-05,0.3051519878335242,0.7642166463088735,0.340819032852144,1.3627955400911982,5.0
2025-12-06,0.3734520442249729,0.9133742584828718,-0.7974083836827615,1.3307134411503816,2.0
2025-12-07,1.1184420118025629,0.9814046024807394,-0.3362150986290603,0.9745549774838342,2.0
2025-12-08,-0.5808693208157559,0.8270732419414621,-0.4779223141683549,0.8308734339614232,3.0
2025-12-09,-0.010754372343647373,0.6934094927266289,-0.46660536536011354,0.40233813849285205,2.0
2025-12-10,0.22050049074073277,0.7387786140079783,-0.06115868253749046,0.551757526413111,5.0
2025-12-12,1.2298283850981406,2.338715532448779,0.9845775588549138,1.2321384020212967,3.0
2025-12-13,-0.28098796711505836,0.8038903501989775,-0.8253017924702054,0.2721140394266664,3.0
2025-12-14,0.9215225637038738,0.7212755764747109,-0.516973214320019,0.7299154796429462,2.0
2025-12-15,-0.014947864079638523,0.6027573104485959,-0.33048749810728884,0.7690767038582247,2.0
2025-12-16,-0.049315140426453914,1.0433728784860292,-0.06452459366062037,0.8425251343520432,16.0
2025-12-17,-1.0248066357146253,1.1345007942579926,0.4838733355379732,0.42166366731308685,3.0
2025-12-18,0.5714630105414622,0.7214759630596788,-0.4583360765179421,0.7882212437157826,5.0
2025-12-19,0.1150764126469406,0.7968222704557629,-0.49644700292760635,0.7029091873677641,7.0
2025-12-20,0.7153655185533618,1.1567921306181237,0.5187261876398781,0.6902251413832093,5.0
2025-12-21,-1.444420914215207,1.143106067881963,0.6192413546431547,0.6282982363329095,3.0
2025-12-22,-0.03568825542151535,0.6451377854199848,-0.12142265930449588,0.8045620771545866,12.0
2025-12-23,-0.4553014534616714,1.8390902605301405,0.9564131319234337,0.8352315622354685,5.0
2025-12-24,0.0900244239742033,0.31406492899904265,-1.1339565858139233,0.486330617549037,3.0
2025-12-25,-0.4450454702459198,0.8043138883911214,0.7201568064629069,0.42200626342377917,4.0
2025-12-26,-0.6182469714154265,0.865812825186263,0.8154138693373216,0.43881114624386724,5.0
2025-12-29,-1.5294716512701907,1.0,-0.034864943493309195,1.0,1.0
2025-12-30,-0.5389827930866208,1.2842794715896337,-0.04201482414813253,1.6335133786683924,5.0
2025-12-31,0.002860607421171002,0.6819360626400902,-0.03694311086223787,0.0036652744423640252,2.0
2026-01-01,-1.6117352908028513,1.0,1.156835920761373,1.0,1.0
2026-01-02,-0.027327889240788366,0.24897732304819403,-0.6701792871556006,1.7450615731228702,3.0
2026-01-03,-1.0168448807587902,0.9431200443855811,0.8345408817267601,0.2872371466943708,2.0
2026-01-04,-0.5417299294089337,0.4191231906193164,0.685046551968862,1.0147629282848285,4.0
2026-01-05,-0.49480556270588794,1.4244361869847038,0.23880547994711138,1.2932992047668952,5.0
2026-01-06,-0.11147560105978847,0.5145307868741607,-1.1011437144437621,0.24689150495455384,3.0
2026-01-07,-0.02808187763745688,1.031119331658153,0.030482120585028027,1.0007604324300228,9.0
2026-01-08,0.27802839763708076,0.6322460779793669,-0.15435215403591732,0.585542464251778,9.0
2026-01-09,0.36390255996251686,0.8190948075204187,-0.15013146871160943,1.5717557896006975,4.0
2026-01-10,-0.32479875943319675,0.30308327784973627,0.5498036341065243,0.0819238778308079,3.0
2026-01-11,-0.4479438725692284,1.223218608242011,0.8880713101536045,1.6078287451365059,4.0
2026-01-12,-0.43420759695018213,0.7076929964148366,0.5222576518145409,0.9325880342791502,3.0
2026-01-13,-0.2809557742374832,0.6766435064231797,0.1379719053468669,0.9655494410442527,4.0
2026-01-14,0.9326136085207275,0.7477249222949403,0.2221522445766641,0.7000703794943255,9.0
2026-01-16,0.7234907486266595,1.114517550366392,-0.6515434414171883,0.47611837654708405,2.0
2026-01-17,0.5726844475579338,0.9719259409212766,0.2444319142841624,0.6054415896762275,5.0
2026-01-18,-0.14142194116204826,1.0,0.5273586847706144,1.0,1.0
2026-01-19,-0.443307262345467,0.6495995602677329,-0.2573517370319523,0.7007990868538649,13.0
2026-01-20,-0.7605910958141113,1.5328620549696381,0.5922802650869449,0.9259436190444422,11.0
2026-01-21,-0.6320225686715624,1.3113515718556121,0.17148407030036017,0.9723586671358219,12.0
2026-01-22,0.13869507010023904,0.6847023453145825,0.08119966904026155,0.7338140346229431,12.0
2026-01-23,-0.028557439044855307,1.2054766177971574,-0.04418557327987554,0.7237615273834979,6.0
2026-01-24,-0.5597003644344907,0.9787122690824229,-0.12160527971195614,0.12919950219179474,2.0
2026-01-25,0.6889117033201703,0.626865725626921,-0.20357759157318744,0.957379817194294,4.0
2026-01-26,-0.8331239873051688,1.369318272436837,0.6766288313154188,0.4608098351071603,4.0
2026-01-27,-0.2006162923761178,1.0609967538930456,-0.22696038511356068,0.31673704756303905,3.0
2026-01-28,-0.32407017131353244,1.469731829287411,0.01786111529841778,1.204146805441886,9.0
2026-01-29,0.04430762863398094,0.6847131857520569,-0.0636148895949977,0.7325743908964937,13.0
2026-01-30,-1.1494221727550225,0.9692815525275356,0.7611841978219458,1.012548732092361,7.0
2026-01-31,-0.8917736026634391,1.0,-0.3943520384193127,1.0,1.0
2026-02-01,0.045225168607631025,0.06257368640129961,-0.06279255507961753,0.026458189916043977,2.0
2026-02-02,0.57463232305147,0.902415753417212,-0.03256640239742855,0.6976167280225637,7.0
2026-02-03,0.206317102507508,0.7091950989275674,-0.31358454882486025,0.7668659999906212,6.0
2026-02-04,0.4987064633389888,1.5600136282541808,0.10316085880119796,0.7817889749891118,3.0
2026-02-05,-0.28902244370567143,0.712668610724716,-0.15768579299896537,0.26999730196557653,2.0
2026-02-06,-2.399087640596152,1.46952170304057,1.8944033669109395,0.6996792343037068,2.0
2026-02-07,0.025425338002732084,0.6860109242862268,-0.6576898701407575,0.9657149220408661,4.0
2026-02-08,-1.0371199499527692,1.0,-0.9653296933860928,1.0,1.0
2026-02-09,-0.7494708879775213,1.0,-0.38215491893631254,1.0,1.0
2026-02-10,-0.15872641803958543,1.3203310860085045,-0.2524926382744235,0.5884824732099565,4.0
2026-02-11,-0.3998782081675156,0.22218438926201006,-0.23678640328588263,0.6945962133786886,3.0
2026-02-12,-0.5338344298866861,1.034297093293169,-0.16488513176613856,0.9831051754220587,6.0
2026-02-13,-0.700173720669726,0.9290843928663961,-0.10196593645459713,1.2412193947522219,7.0
2026-02-14,-0.8852136977683772,0.8362757665318113,0.17204619340983224,0.6014204777060884,10.0
2026-02-15,-0.4186940315546122,1.6157160161633333,0.7773156161451261,1.0025900326023802,6.0
2026-02-16,-0.7356889191996451,1.782765828987889,0.36618015229555234,0.6260228203962324,3.0
2026-02-17,-0.3849430304351906,1.893507270221034,0.038529586471666016,0.480030923724204,4.0
2026-02-18,0.13827723284231802,1.344909484187545,0.22709043759983416,0.5663837550473442,8.0
2026-02-19,-0.12405100402449316,0.36731463851475943,0.321964162140223,0.7257970672252523,8.0
2026-02-20,0.7598527938182831,1.6268015091744,0.26150738671814333,0.46629766906801906,3.0
2026-02-21,1.2085322820462154,0.3367871320070869,-0.5187710111297471,0.6812089154386727,3.0
2026-02-23,-0.04369514256758544,0.9162395683377961,0.0948069924425724,0.32066802494823576,3.0
2026-02-24,-0.04846512147379922,0.885901792830558,-0.2798260536149359,0.622171948082844,2.0
2026-02-25,-1.4030769722611731,0.518395700959179,-0.01783244647187643,1.0428604026344164,5.0
2026-02-26,1.7720846434523845,1.0,2.2826981491989677,1.0,1.0
2026-02-27,0.47615360480144325,1.0,0.4813185836988166,1.0,1.0
2026-02-28,0.7372451213545176,0.7714326463737016,-0.14447801951200165,0.5758284628793722,4.0
2026-03-03,-0.4835384979267561,0.1608485764675262,-0.29551238823804976,1.7885624037399401,2.0
2026-03-05,-0.40838720522208477,0.5147000466719881,-0.4473524961296862,0.4516467593482885,4.0
2026-03-08,0.39515791488575946,1.0,-1.4795581308299943,1.0,1.0
2026-03-10,-0.8238859806902324,1.2603200303702071,0.8428554290862114,0.4423827589610378,5.0
2026-03-11,1.2247487175328888,1.0,0.24820816162695694,1.0,1.0
2026-03-12,-0.1685572257080029,0.4441457373377126,-0.17773780027933936,0.699518724704204,3.0
2026-03-13,0.14357718949709614,0.5490950948222715,-0.40267911731075434,1.4758067740749605,5.0
2026-03-14,-0.353071455611056,0.44516413948803235,0.6089778198085634,0.6393451225077292,4.0
2026-03-15,0.1255884154163135,0.1572099036379498,0.10358824359719504,1.5667827901901623,4.0
2026-03-16,-0.7787737514073428,1.0287462967647754,0.013603598277656642,0.985706721087496,8.0
2026-03-17,-0.5094321792864651,1.977173365107628,0.5544128897837889,1.0793203105935685,6.0
2026-03-18,-1.0717640246982922,0.15272693756336772,0.6064143868585492,1.7337393779596013,2.0
2026-03-19,0.40614760484240336,0.13459581881369073,-0.606061669324293,1.3022192869753924,3.0
2026-03-20,0.6314737342892731,0.5251097087579697,-0.5291200805830796,2.0738851292304803,2.0
2026-03-21,0.5505496459091825,1.0,-0.37934054204014445,1.0,1.0
2026-03-22,0.4367178577896234,0.2239365270667515,0.13505238747481307,0.5910480274619181,2.0
2026-03-23,-2.613116876417424,1.0,1.6744533021670536,1.0,1.0
2026-03-25,-0.5846805653964792,0.3723535498759017,-0.22103550325366375,0.5853768523660093,4.0
2026-03-26,-0.09978368783883103,0.8294333449020775,0.3685164806396064,0.9011168949906079,8.0
2026-03-28,-0.8974370597247655,1.0,-0.16207726750594556,1.0,1.0
2026-03-29,0.4608318075973968,1.4340800701182843,-0.8084016484266954,0.05190127816362906,2.0
2026-03-30,0.2669180693110278,0.6812514905629876,0.24136624278802737,0.8951766366317314,4.0
2026-03-31,0.07130691426593086,0.4100728188441639,-0.665895321162398,0.48522238375573346,5.0
2026-04-01,-0.2024157279735635,0.5957596632044277,0.13445454642993118,1.1460155570148929,7.0
2026-04-02,-0.08950803710559513,1.1888001176347407,0.19070990830645615,1.1501552496883873,6.0
2026-04-03,-0.7089130633586206,0.8097061474507752,-0.45685828178059884,0.38599273117273436,7.0
2026-04-04,0.26883956583835783,0.8370597498353469,0.7779699681620585,0.9792915272506421,7.0
2026-04-05,0.14327272874088995,0.7588608581008778,-0.20902524048854967,1.705010339127101,3.0
2026-04-06,0.26961729159545683,1.0535148404327044,-0.09033180855471856,1.1385664019296604,6.0
2026-04-07,0.6894287570453632,1.0559096867536657,0.5319481928695885,1.0136686803608699,5.0
2026-04-08,0.14989417844345113,0.5323461944242468,-0.2625918225509695,1.1839429961534176,6.0
2026-04-09,-0.03213792201580014,1.0115398791362769,0.07237635404271238,0.87058927529648,14.0
2026-04-10,0.3831118446468578,0.9292680520928153,-0.18654109199795055,0.9527668428806682,9.0
2026-04-11,-0.11938358592778901,0.8915409188284846,-0.3693495384399627,1.156905493202604,3.0
2026-04-12,0.698493271822963,0.7701378525417779,-0.17255026053898695,1.831769862246614,3.0
2026-04-13,0.17626765904195038,0.9469962577895753,-0.14868234664738295,0.6931075332103436,10.0
2026-04-14,-0.2907654565012004,0.9373225661312783,-0.12893418273877819,1.438496491292456,6.0
2026-04-15,-0.1188378973953997,1.0253595230380907,-0.48099549090981764,0.8128146850599415,7.0
2026-04-16,-0.16473347551398895,0.8416129822774734,0.7864703558772475,0.8996551423980487,4.0
2026-04-17,0.7717015228504982,0.7353303127240364,0.7063521465655664,1.4466755083137044,5.0
2026-04-18,0.8095176802139852,2.528603135495715,0.39874404845437356,1.4990173549711465,2.0
2026-04-19,0.2207377009085969,0.2310179665701469,0.07290645321079461,0.20681996287341384,2.0
2026-04-20,0.4899450786976204,0.08495849124195985,-0.014596921684410116,0.011372925948714547,2.0
2026-04-21,-0.10378177082287826,0.2674324579071326,-1.4645195489277636,1.1240411686668779,2.0
2026-04-22,0.09153523365944613,0.47954146968843725,0.7864953132655395,0.5675787538646357,5.0
2026-04-23,-0.1929468917725894,0.9583355744013157,0.4297691429783394,0.898083947651306,3.0
2026-04-24,0.2881918198302672,1.5542129147090147,0.5767309626670386,0.8942733005726098,5.0
2026-04-25,0.692142111243267,1.0,-0.19419875336374032,1.0,1.0
2026-04-26,0.4768911362844782,0.9153185983542212,-1.27818322170759,0.25921783027762735,2.0
2026-04-27,0.04023848781677769,1.0893576066382302,-0.4942572392696365,1.1889722039105552,2.0
2026-04-28,0.5019955297242293,0.46625799431577636,-0.03294115690587137,1.3790146936887975,3.0
2026-04-29,0.27883270182847897,1.157113559924032,0.19634782598101888,0.7351507190224957,7.0
2026-04-30,0.7463852927089398,0.6096985788226933,0.779588320859539,0.5817520195772807,3.0
2026-05-01,-0.1573282226434847,0.5140612479810905,-1.0596562288576428,0.8258892912956468,2.0
2026-05-02,-0.21941975024682156,0.9930154562614438,0.5457677674873512,0.16161599231306603,3.0
2026-05-03,-0.04748202896214856,0.6947343402861499,-0.34760382694240527,0.5638129386287997,3.0
2026-05-04,0.9730126491359682,0.5032457992276339,-0.21780779031215017,0.9976594806427177,4.0
2026-05-05,-0.30256846499740386,0.4598261746626332,1.433402452301073,0.24251790740539225,2.0
2026-05-06,-0.7027286815507153,1.8259318607114254,0.3499202179436786,0.6629564213559956,5.0
2026-05-07,0.2896624449115811,1.7488413652796142,0.23705385558410547,0.33527077331378863,2.0
2026-05-08,0.8926436809173494,0.8028665689443525,0.23413179289111596,0.6349749488056347,3.0
2026-05-10,0.14787991190819674,0.07734086683273145,-0.2204747914285672,0.8014205531503301,2.0
2026-05-11,-0.0668100083778693,1.196019583673793,0.32510926276798047,0.9902020292900963,8.0
2026-05-12,-0.9646659052737501,0.3529609021206708,-0.12201780274292222,0.769126193162864,4.0
2026-05-13,0.1317143007023825,0.7373232423993301,0.5057140962582247,0.7936540907361836,8.0
2026-05-14,0.19515364691708176,1.1307224096849702,-0.5416986392653654,1.3866507661356466,4.0
2026-05-15,0.6572297741036829,0.4142186810648858,0.0704674778636041,0.7777372885130137,4.0
2026-05-17,0.48622332463480633,1.0,1.353149773031307,1.0,1.0
2026-05-18,0.4742029857308892,0.8589757438277028,0.29051072586654625,0.7400349579505969,10.0
2026-05-19,-0.6164108653455632,1.8890853429123342,0.5774529104309044,1.2013050598860302,6.0
2026-05-20,-0.23543545722821815,0.5765935323475614,0.5860628301562686,1.0976559562558434,4.0
2026-05-21,-0.08377521815017203,0.8193248725905212,-0.29289333083965907,0.9209442489577632,11.0
2026-05-22,-0.15320358631001893,0.8185840711949045,0.2948045755337701,1.4108294301000865,5.0
2026-05-23,0.26197517679573523,0.0025598374733135205,0.6117335408797409,0.1340073253824383,2.0
2026-05-24,0.11973379827878143,1.0,-1.9683853532586955,1.0,1.0
2026-05-25,-0.13207963847305884,0.77146476681689,0.15813350596484557,1.0023744723950248,6.0
2026-05-26,-0.49896383526293175,0.5240735933096909,0.01994539817438179,1.9889165486939837,2.0
2026-05-27,0.09234060598753306,0.34841551604449833,-0.6908882506079772,1.0354476638878605,6.0
2026-05-28,-0.1995442091941371,0.6053859283994045,-0.40475497393845616,1.095896240008188,6.0
2026-05-29,0.9494133607429255,0.8843424832502808,0.43669647257743655,1.3549963499988305,6.0
2026-05-30,-1.1320173013976444,1.196100412714107,-0.16320033190485667,1.0164917353141545,5.0
2026-05-31,0.018204565512825194,0.5055992795881735,-0.0011554099262822692,1.5562358039001987,3.0
2026-06-01,0.3782703593256571,0.5187100232709582,-0.2244284809405865,1.0022715491822012,3.0
2026-06-02,-0.8093385947140843,1.4611434900922045,0.45852158152023836,0.5122222567453801,4.0
2026-06-03,1.2393351061854885,2.2295897607584285,1.1861690567695204,1.1863265739249003,3.0
2026-06-04,0.3556767504276234,1.4186231079821792,-0.5392655017932425,1.203154086952014,8.0
2026-06-05,0.3608045909837298,0.6258906952348623,-0.012863779459328706,1.0070932944836635,4.0
2026-06-06,1.3101911924586782,1.0,1.1322885111301806,1.0,1.0
2026-06-07,-0.04838991084298522,1.0,-0.3014237275006542,1.0,1.0
2026-06-08,0.04168922536577763,1.229950564671847,0.08952455128536457,0.6453212054477,8.0
2026-06-09,0.2981333340439312,0.7812876761240056,0.4447648954790177,1.6086205232116932,11.0
2026-06-10,0.3509859828717927,0.3494181477715434,-0.6500141665285303,0.848260086604366,6.0
2026-06-11,0.3394398869858593,0.17436890983202746,1.171338910965928,0.5234362407534207,3.0
2026-06-12,0.4131780102348939,0.7625812026446033,-0.49511882973285914,0.8948064783780394,5.0
2026-06-13,0.7392849053529178,1.0,-0.3784585233734791,1.0,1.0
2026-06-14,0.34673465261500175,0.6442574203844998,-0.6000815837342862,0.9417185278258462,6.0
2026-06-15,-0.23057353737656278,0.5886257120842221,-0.36393842597581455,0.48124699982718927,5.0
2026-06-16,0.2226800132196354,0.651216208860849,-0.649698260589958,0.775380797707946,7.0
2026-06-17,1.0617106125643097,0.43225325707687473,0.056772698141689504,0.35440185812883546,3.0
2026-06-18,0.28414735581680733,0.4749562733233695,-0.014656490868215044,0.5864206779546609,6.0
2026-06-19,-0.25387083001115535,0.7681336453873213,-0.5921818789675932,0.8534354472455564,5.0
2026-06-20,0.1276043191700491,1.7656476065901026,0.38100211883827995,0.6195317949811072,2.0
2026-06-21,0.5543539269454714,1.0685480299158516,0.5612929838644911,2.7200904365968332,2.0
2026-06-22,0.24478395163316527,0.15524418503597348,-0.4797567548317064,1.399863658977431,3.0
2026-06-23,-0.06274290875373567,0.8065396028957812,-0.2880101630789735,1.278855022359313,6.0
2026-06-24,0.29743295431497446,0.7032112818607882,-0.19840049391033804,1.2037858713001424,4.0
2026-06-25,0.428621173335998,0.7019557249756638,-0.3321759074087062,1.286238605866757,15.0
2026-06-26,-0.4555569057411595,0.9163722641018716,0.6149729192450003,1.0962178479884948,6.0
2026-06-27,0.05242332752100051,0.1966452692655849,0.787860594650514,1.9444127415882893,3.0
2026-06-28,0.008628153186675713,0.7280289582362324,-0.274396269386335,1.5670707918345408,5.0
2026-06-29,-0.1009068194069026,0.5161061547926898,-0.20418728584769305,0.9289243024843387,12.0
2026-06-30,0.3613176652696102,0.8401813024833636,-0.2815258752933989,0.8494092912613267,10.0
2026-07-01,0.6573972031224509,0.8403897208801204,-0.00019980357682196823,1.04966610734108,6.0
2026-07-02,-0.4480283378916313,1.3734059146338697,0.16516607355511842,0.8798697626332155,23.0
2026-07-03,-0.15206272374291221,0.8304637951155038,0.23816900156171142,1.2463778134329446,6.0
2026-07-04,0.5060047690850584,0.8661170547534782,0.10297348679208557,0.3534485235417952,2.0
2026-07-05,0.18292768549956231,1.4087488899605292,0.3836606247555529,0.6052070164303609,3.0
2026-07-06,0.11250742043022906,0.20881949071626277,-1.5778586742892962,0.590744786627062,2.0
2026-07-07,0.49094875150414796,0.4129180951125157,-0.39145237749031864,1.5019543302486473,6.0
2026-07-08,0.26745710576868953,0.28083286437412897,-0.056342378575538914,0.5304967679589524,4.0
2026-07-09,0.22946928326607888,0.4330767226536624,-0.5569187260904626,1.0344195374436458,5.0
2026-07-10,0.3729344222896018,1.6545793882244386,-0.18213784763838006,0.8848162174623309,8.0
2026-07-11,0.45436214258062113,0.6699448028199857,0.06404396784650243,0.9574283001711489,8.0
2026-07-12,0.07630506716671227,0.3204139113641364,-0.585472993753454,0.30355293775133163,2.0
2026-07-13,0.3038532311697268,0.6129988139431162,-0.36669018229971156,1.1521178434296282,8.0
2026-07-14,-0.1646074482820981,0.655129131293107,-0.2257988281065329,1.2577609371578542,5.0
2026-07-15,-0.13749807178011159,0.7268187853959834,0.07184799619476796,0.9803954536283368,10.0
2026-07-16,0.19915706725850785,0.9921296100580296,0.014309931898305627,1.3080273946818048,5.0
2026-07-17,0.026447178058831095,0.5967713988749154,-0.5398796069477548,0.4011676293040918,6.0
2026-07-18,-0.050015460267421874,0.9513982608519667,0.9144316739328886,0.8370716935091,8.0
2026-07-19,0.7446808060524779,0.7191480044605639,0.21977771891598602,1.6436423443467003,2.0
2026-07-20,-0.423263317308596,0.7897558638533572,0.024487226480273423,1.0367477870927402,6.0
2026-07-21,0.4787162065976718,0.5131201110862493,0.2109523238744905,0.9791981661896102,5.0
2026-07-22,0.14806594004342255,0.5925504123060487,-0.013996426557019128,0.5996272549631082,7.0
2026-07-23,1.0693178520936475,1.0,0.023119092461079717,1.0,1.0
2026-07-24,0.20925296619675135,1.6864671302639707,0.6914382822407962,0.3876173502276165,3.0
2026-07-25,-0.5264411796304023,1.2821541882908232,0.37731773965366006,0.9937653597205766,4.0
2026-07-26,-0.3473025760080089,1.4699967740474147,1.2178201248017428,1.8244068709396315,2.0
2026-07-27,-0.00028314908225451907,0.5331346759877501,-1.1194975337499442,0.6265776498193102,3.0
2026-07-28,0.362341836065466,0.19173550146329643,-0.8275045016723205,1.139195243372275,3.0
2026-07-29,0.11906408041952436,0.3560408909858202,-0.9269580597329514,0.6371607304442888,4.0
2026-07-30,-0.5152475240910351,0.9637122371883287,-1.4630319387791033,1.1992167681786443,3.0
2026-07-31,0.9526837109452019,0.6988666335707157,-0.08928673482417893,1.5879682626257903,4.0
2026-08-01,-0.027373172110140565,0.9157303136775307,-1.1923666247801443,0.0036749101134305154,2.0
2026-08-02,-0.5101852756315052,0.7729988480447845,-0.35838296738432723,0.585741729525481,3.0
2026-08-03,0.5635085747762348,0.771071803136943,-0.7533103044756747,0.8348672828858661,3.0
2026-08-05,-0.5756373752722291,0.7330821384775589,0.10327994747599278,0.5369335669447544,4.0
2026-08-06,-0.42168558312241483,0.30119684804334573,-0.1775632491967439,0.772359628056082,3.0
2026-08-07,0.4116536909437041,0.41783376726647126,-0.731848824420605,0.034990533102429854,2.0
2026-08-09,-0.5984137600685743,1.4569183777277432,-0.08563894730754068,0.2690402822417867,2.0
2026-08-10,-0.09098742827563638,0.4998690395852363,-0.4556896307133863,0.8104478094267615,4.0
2026-08-11,0.5466010870596342,0.5321424870213763,0.06750199779186779,1.6623148131137808,6.0
2026-08-12,-0.5278791035052536,0.9526444184561518,-0.6501750690695972,0.844780066260646,3.0
2026-08-13,0.1558723198596755,0.7795632512558898,0.17250054671515508,0.7560473873186541,2.0
2026-08-14,-0.5165381731542346,1.0,0.24387889743246483,1.0,1.0
2026-08-16,1.556096137010561,1.0,0.4813185836988166,1.0,1.0
2026-08-17,0.21825825271182708,0.789813580562579,-0.26783266979687154,1.370507836868162,4.0
2026-08-18,-0.24613956610652923,0.4778996444147972,-0.7900307495538019,1.1105016384472184,3.0
2026-08-19,0.3321612671735609,1.0,0.030973692323778577,1.0,1.0
2026-08-20,0.8914729930462377,1.0,0.36264575240062563,1.0,1.0
2026-08-22,-0.9637697714773805,1.0,-0.11914127146790068,1.0,1.0
2026-08-24,-0.211977106923024,0.3235841312750456,-0.6691142140820299,0.5012798854614711,4.0
2026-08-25,0.5269404202843164,0.9489650380751025,0.01656134147808075,0.8172263059466948,6.0
2026-08-28,-0.27980616774493916,0.0,-0.3067849762074999,0.0,2.0
2026-08-30,0.4869276565037729,1.306818715009425,0.05865191742241971,1.4470894241297385,2.0
2026-09-01,0.375,1.0,0.47500000000000003,1.0,1.0
2026-09-02,0.37878787878787873,1.0,0.48484848484848486,1.0,1.0
2026-09-03,0.5325592666624697,1.0,0.5300682889206798,1.0,1.0
2026-09-04,0.2899389109741168,1.0,-0.0038887100341115574,1.0,1.0
